first_name,last_name,email,phone,country
Durward,Fine,dfine0@weebly.com,164-270-2728,Chile
Darryl,Ruddiman,druddiman1@friendfeed.com,213-652-3274,New Caledonia
Jeanie,Enticott,jenticott2@domainmarket.com,563-833-2891,China
Leland,Kelk,lkelk3@microsoft.com,898-592-3065,Croatia
Lilith,Allnutt,lallnutt4@yahoo.com,296-542-7956,China
Bren,Ingerman,bingerman5@hud.gov,967-669-0532,Indonesia
Jess,Brailsford,jbrailsford6@photobucket.com,258-609-6863,Oman
Mariska,Finnie,mfinnie7@reference.com,339-380-0815,Canada
Tyne,Buckel,tbuckel8@skyrock.com,879-805-8984,Gambia
Ruperto,Fierman,rfierman9@multiply.com,315-352-1230,China
Cassandre,Kermode,ckermodea@4shared.com,206-168-7492,United States
Robyn,Tomaino,rtomainob@ycombinator.com,942-477-5932,Brazil
Hirsch,Pilmore,hpilmorec@facebook.com,577-872-4764,Greece
Laurianne,Camus,lcamusd@indiatimes.com,411-149-3877,Netherlands
Nikolaus,Liddard,nliddarde@digg.com,222-879-8677,Japan
Dorry,Haliburn,dhaliburnf@wordpress.com,212-219-3691,Sweden
Gannon,Cordall,gcordallg@ebay.co.uk,469-518-6362,Indonesia
Larisa,Uzelli,luzellih@taobao.com,888-402-9001,Nigeria
Jimmy,Klimontovich,jklimontovichi@prlog.org,272-167-4264,Sweden
Ben,Killgus,bkillgusj@hud.gov,602-868-2579,Greece
Massimiliano,Cluckie,mcluckiek@booking.com,532-179-2888,Costa Rica
June,Hartrick,jhartrickl@mayoclinic.com,899-261-0100,Sweden
Archie,Spall,aspallm@soundcloud.com,924-284-9230,France
Ferrel,Heineke,fheineken@printfriendly.com,250-812-9344,Latvia
Herta,Capaldi,hcapaldio@sciencedirect.com,269-498-5303,Armenia
Deck,McMechan,dmcmechanp@cpanel.net,953-325-7061,Indonesia
Junina,Tother,jtotherq@apple.com,152-771-6938,Indonesia
Malissa,Goutcher,mgoutcherr@rediff.com,454-194-3040,Tanzania
Zelda,Lismore,zlismores@over-blog.com,372-593-7401,Portugal
Desi,Shaxby,dshaxbyt@foxnews.com,707-806-8648,Samoa
Norine,Thurgood,nthurgoodu@army.mil,369-267-4434,China
Elvira,Cottel,ecottelv@smugmug.com,320-781-0347,Iran
Kimbra,Richardet,krichardetw@youtu.be,741-477-7732,France
Georgie,Eannetta,geannettax@angelfire.com,322-978-9647,Yemen
Joyce,Yurivtsev,jyurivtsevy@google.co.jp,384-659-5357,Portugal
Edithe,Mirrlees,emirrleesz@tmall.com,279-783-9367,Sweden
Cecilia,Damerell,cdamerell10@linkedin.com,674-910-2206,Netherlands
Vite,Yellowley,vyellowley11@deliciousdays.com,185-742-8557,Sweden
Chrissy,Ablitt,cablitt12@unesco.org,267-599-4848,Argentina
Alysia,Blazej,ablazej13@craigslist.org,992-136-6212,Thailand
Mufinella,Tinline,mtinline14@tuttocitta.it,437-366-5020,Serbia
Karlik,Duckerin,kduckerin15@nationalgeographic.com,469-353-8570,Japan
Saul,Weyman,sweyman16@oakley.com,593-554-3883,China
Etienne,Jarret,ejarret17@usgs.gov,455-777-2014,Sweden
Page,Minchell,pminchell18@cpanel.net,927-575-4402,Ivory Coast
Bobby,Heckney,bheckney19@upenn.edu,534-617-6319,Burundi
Mikey,Ebbitt,mebbitt1a@tiny.cc,485-733-3645,Haiti
Ruthi,Connechy,rconnechy1b@nba.com,331-770-5903,Mexico
Katine,Walton,kwalton1c@github.com,695-168-5564,South Africa
Magda,Heaphy,mheaphy1d@nytimes.com,896-479-3566,Sweden
Matias,Colenutt,mcolenutt1e@nba.com,594-755-2042,Portugal
Anestassia,Slate,aslate1f@cnn.com,235-728-7264,Thailand
Jackquelin,Hurdiss,jhurdiss1g@noaa.gov,623-591-0897,Iran
Glynda,Passion,gpassion1h@spotify.com,486-647-8350,Nicaragua
Leonardo,Boldra,lboldra1i@list-manage.com,353-884-2423,Palestinian Territory
Arlyn,Berge,aberge1j@soup.io,260-968-7439,China
Oneida,Daniellot,odaniellot1k@networkadvertising.org,367-495-5079,Poland
Quentin,Elves,qelves1l@gmpg.org,622-709-2781,Philippines
Michele,Dishman,mdishman1m@homestead.com,966-218-2894,Ukraine
Bond,Donavan,bdonavan1n@reddit.com,994-551-6525,Indonesia
Nissa,Veness,nveness1o@nymag.com,749-408-3460,New Caledonia
Johann,Bareford,jbareford1p@dyndns.org,619-518-3201,Netherlands
Bernarr,Zielinski,bzielinski1q@blinklist.com,186-954-1806,France
Kerstin,Geddis,kgeddis1r@usa.gov,395-261-7429,France
Nero,Trainor,ntrainor1s@domainmarket.com,656-158-8574,Portugal
Dalton,Skittreal,dskittreal1t@nps.gov,621-870-7429,Czech Republic
Nealon,Feld,nfeld1u@google.cn,826-203-3746,Bulgaria
Kahaleel,Ogg,kogg1v@fotki.com,792-377-1383,France
Fitzgerald,Gerriets,fgerriets1w@dyndns.org,714-946-6040,Indonesia
Bobbie,Betje,bbetje1x@jimdo.com,321-177-3130,Cameroon
Diana,Shrigley,dshrigley1y@tuttocitta.it,839-606-4556,Cuba
Lorenza,Deelay,ldeelay1z@tamu.edu,208-993-6448,Russia
Stafani,Pizzie,spizzie20@seattletimes.com,511-257-8877,Russia
Malchy,Rosen,mrosen21@qq.com,777-679-0007,Portugal
Kynthia,McGeraghty,kmcgeraghty22@who.int,286-133-0452,Moldova
Brigit,Danhel,bdanhel23@auda.org.au,297-123-9957,Sweden
Chrotoem,Van Geffen,cvangeffen24@spotify.com,978-510-8087,Portugal
Brenn,Ubsdall,bubsdall25@qq.com,522-941-4081,Uganda
Rochella,Southern,rsouthern26@oracle.com,498-628-0034,Uganda
Arnaldo,Gaskarth,agaskarth27@goo.ne.jp,281-101-2635,Portugal
Umeko,Cupper,ucupper28@aol.com,838-581-4591,Spain
Lari,Favel,lfavel29@pinterest.com,334-461-6661,Cuba
Zilvia,Irlam,zirlam2a@nih.gov,756-230-2818,Canada
Gwenora,Ardern,gardern2b@wix.com,872-635-4395,Indonesia
Corby,Brotherheed,cbrotherheed2c@squarespace.com,829-962-4591,Portugal
Ingelbert,Ditch,iditch2d@smugmug.com,455-523-1159,Germany
Rodd,Bote,rbote2e@state.tx.us,557-456-2332,Philippines
Anson,Patek,apatek2f@godaddy.com,353-887-5418,Indonesia
Ebenezer,Vigers,evigers2g@eepurl.com,675-847-7764,Japan
Lyell,Gracey,lgracey2h@state.gov,419-902-8113,United States
Asher,Casina,acasina2i@ustream.tv,171-647-7248,Greece
Marnie,Ambrois,mambrois2j@mapy.cz,960-186-6720,Philippines
Errol,Fills,efills2k@soup.io,467-319-0874,China
Garrik,Ballay,gballay2l@ftc.gov,400-355-7823,China
Bel,Hulle,bhulle2m@tripadvisor.com,605-690-2387,Russia
Rebeca,Domini,rdomini2n@opensource.org,710-331-2983,Philippines
Sawyere,Kingdon,skingdon2o@whitehouse.gov,154-583-6608,Kazakhstan
Quill,Scotts,qscotts2p@digg.com,948-866-9247,China
Giffer,Blackford,gblackford2q@domainmarket.com,662-925-3174,China
Aurthur,Wretham,awretham2r@go.com,852-494-1412,Russia
Myrvyn,Mocker,mmocker2s@telegraph.co.uk,211-302-6024,Portugal
Sebastian,Muckle,smuckle2t@qq.com,354-478-2605,Morocco
Menard,Slany,mslany2u@rakuten.co.jp,436-179-5400,Afghanistan
Spencer,Dust,sdust2v@gizmodo.com,739-814-3858,Japan
Alric,MacConnechie,amacconnechie2w@123-reg.co.uk,290-662-7567,Indonesia
Gerry,Sibbald,gsibbald2x@noaa.gov,413-537-0497,Netherlands
Ceil,Mouton,cmouton2y@google.it,737-197-2886,Indonesia
Julita,Effaunt,jeffaunt2z@ca.gov,988-948-4258,Portugal
Dacey,Leaton,dleaton30@baidu.com,858-483-0107,Indonesia
Joshua,Kuhn,jkuhn31@prweb.com,249-243-9273,China
Avie,Bice,abice32@123-reg.co.uk,317-373-2455,Colombia
Jacynth,Saunderson,jsaunderson33@odnoklassniki.ru,591-935-8236,Honduras
Sloan,Ambrozik,sambrozik34@usatoday.com,151-313-9901,Brazil
Bart,Mephan,bmephan35@deliciousdays.com,272-143-6250,Finland
Nanette,Hutchins,nhutchins36@rediff.com,280-201-5822,Brazil
Inesita,Funcheon,ifuncheon37@nationalgeographic.com,148-721-3474,Indonesia
Catrina,Lamberto,clamberto38@chron.com,213-890-4431,China
Moselle,Padley,mpadley39@arizona.edu,496-467-4157,East Timor
Tobie,Cliff,tcliff3a@issuu.com,420-548-3186,Indonesia
Briggs,Twinbrow,btwinbrow3b@freewebs.com,565-701-7751,Poland
Zsazsa,Sailor,zsailor3c@washington.edu,628-253-4738,Russia
Cherilynn,McCaughan,cmccaughan3d@digg.com,726-891-8519,Costa Rica
Genevra,Ashelford,gashelford3e@businesswire.com,230-632-7915,Ecuador
Kaitlyn,Matyushenko,kmatyushenko3f@blinklist.com,408-300-5908,United States
Lisa,Podmore,lpodmore3g@howstuffworks.com,318-611-5671,Japan
Joannes,Normanvill,jnormanvill3h@cocolog-nifty.com,249-369-4104,Russia
Irita,McIlveen,imcilveen3i@utexas.edu,986-577-2424,Philippines
Leoine,Tenney,ltenney3j@sina.com.cn,596-337-3077,China
Laird,MacGeffen,lmacgeffen3k@virginia.edu,137-298-1754,Albania
Aime,Brummell,abrummell3l@weather.com,754-316-0664,Portugal
Isabella,Saberton,isaberton3m@deliciousdays.com,723-953-9437,China
Sander,McRobert,smcrobert3n@fotki.com,868-626-9643,Poland
Colas,MacMorland,cmacmorland3o@whitehouse.gov,667-718-1279,Indonesia
Skipper,Mattheeuw,smattheeuw3p@bravesites.com,434-708-8600,Indonesia
Norah,Pitcock,npitcock3q@umich.edu,811-479-7362,Peru
Dyane,Browell,dbrowell3r@hatena.ne.jp,577-888-5743,Thailand
Toby,Reinbach,treinbach3s@imdb.com,276-156-8962,China
Mathilde,Isacke,misacke3t@google.cn,787-331-5298,Russia
Emma,Paddie,epaddie3u@instagram.com,185-447-1991,Poland
Lois,Le Moucheux,llemoucheux3v@slate.com,878-800-2109,Indonesia
Emelen,De La Coste,edelacoste3w@tamu.edu,353-733-9704,Norway
Rafa,McRobert,rmcrobert3x@disqus.com,910-738-5214,Norway
Elfrida,Woollin,ewoollin3y@spotify.com,921-122-8676,Azerbaijan
Ibby,Dallin,idallin3z@geocities.com,900-618-7072,Guatemala
Cy,Andreuzzi,candreuzzi40@yelp.com,412-654-5753,Ukraine
Kean,Bowley,kbowley41@businessinsider.com,792-329-5206,Russia
Torrance,Staden,tstaden42@canalblog.com,968-804-8726,Indonesia
Terrel,Antosik,tantosik43@github.com,176-807-1643,Japan
Carri,Truran,ctruran44@forbes.com,490-694-7042,Sweden
Beck,Ayshford,bayshford45@edublogs.org,871-744-6303,China
Kellen,Glassborow,kglassborow46@123-reg.co.uk,242-686-0144,Indonesia
Jessi,Matkovic,jmatkovic47@un.org,148-389-9686,Serbia
Holmes,Jantot,hjantot48@scientificamerican.com,277-236-6804,Morocco
Toby,Sell,tsell49@vkontakte.ru,599-995-0734,China
Bentley,Faragher,bfaragher4a@examiner.com,477-356-2930,Honduras
Brent,McOrkil,bmcorkil4b@soup.io,364-272-7879,Czech Republic
Isahella,Rushworth,irushworth4c@wp.com,107-334-3223,Poland
Collen,Salkeld,csalkeld4d@soup.io,522-475-1677,Afghanistan
Irwinn,Floweth,ifloweth4e@whitehouse.gov,443-179-1206,Sudan
Powell,Bartens,pbartens4f@icio.us,189-798-6831,Russia
Horace,Moralee,hmoralee4g@mapy.cz,169-711-0502,Indonesia
Zoe,Lenaghen,zlenaghen4h@ftc.gov,881-508-2710,Kazakhstan
Spenser,Behling,sbehling4i@posterous.com,971-401-4547,Botswana
Babita,Kerbey,bkerbey4j@upenn.edu,575-459-5266,Portugal
Ingra,Kibble,ikibble4k@istockphoto.com,713-351-9310,China
Ferdinande,Proswell,fproswell4l@sohu.com,806-308-3823,Spain
Paola,Cuddon,pcuddon4m@addthis.com,220-978-0002,China
Malory,Dencs,mdencs4n@wisc.edu,526-906-5901,Jordan
Livvie,Hedworth,lhedworth4o@stanford.edu,611-386-5638,Croatia
Lucilia,Clemonts,lclemonts4p@taobao.com,504-325-2698,China
Felicio,Braghini,fbraghini4q@feedburner.com,556-866-6935,Poland
Lucie,Tommen,ltommen4r@studiopress.com,587-582-4479,Philippines
Joel,Keyson,jkeyson4s@cbsnews.com,768-405-4157,Philippines
Darice,Shaw,dshaw4t@nsw.gov.au,776-645-1400,Indonesia
Ritchie,Brinsden,rbrinsden4u@shareasale.com,776-587-4580,Thailand
Jude,Keiling,jkeiling4v@dropbox.com,870-879-9104,Mexico
Thorny,Argue,targue4w@webeden.co.uk,663-219-6581,Ukraine
Nilson,Frape,nfrape4x@slate.com,603-583-1869,Brazil
Odelia,McOrkill,omcorkill4y@furl.net,729-807-5977,Greece
Valma,Allbones,vallbones4z@scientificamerican.com,701-321-9777,Nepal
Lowell,Bloomer,lbloomer50@deviantart.com,841-888-4345,Indonesia
Sibylla,Stollhofer,sstollhofer51@usatoday.com,695-273-9654,Peru
Agustin,Kapelhof,akapelhof52@bizjournals.com,910-590-5215,China
Renae,Assiter,rassiter53@patch.com,227-765-3805,Ukraine
Mohandas,Randalson,mrandalson54@ebay.co.uk,756-403-4014,Poland
Mavis,Randal,mrandal55@bravesites.com,401-999-6769,South Korea
Nonnah,Tollerfield,ntollerfield56@de.vu,564-848-3733,Pakistan
Katrine,Plante,kplante57@ca.gov,482-956-5940,South Africa
Marlee,Bollen,mbollen58@scientificamerican.com,458-193-2394,Poland
Perrine,Gillooly,pgillooly59@wikipedia.org,176-258-4484,Japan
Emlynn,Aizik,eaizik5a@chron.com,245-564-2497,Indonesia
Salomone,Smeath,ssmeath5b@discovery.com,289-446-2739,Japan
Wyatt,Mundy,wmundy5c@yahoo.com,845-113-9188,China
Alexandra,Hacaud,ahacaud5d@cocolog-nifty.com,757-632-2693,Philippines
Dennie,Dopson,ddopson5e@youtube.com,926-221-3326,Cambodia
Alejandrina,Coltan,acoltan5f@vinaora.com,634-710-9174,Philippines
Elvera,Halahan,ehalahan5g@mail.ru,922-446-0101,Portugal
Pauly,Anelay,panelay5h@dot.gov,695-793-7924,China
Sam,Itzkov,sitzkov5i@vkontakte.ru,426-406-2142,Russia
Faunie,Dickie,fdickie5j@people.com.cn,532-459-7270,France
Marcos,Gerkens,mgerkens5k@technorati.com,314-619-1870,Kazakhstan
Kendall,Harrington,kharrington5l@ycombinator.com,456-499-1056,Brazil
Tania,Lillyman,tlillyman5m@omniture.com,671-967-4718,Philippines
Lurline,Becken,lbecken5n@a8.net,661-230-6552,Brazil
Marisa,Eberts,meberts5o@studiopress.com,316-574-5772,China
Harmony,Belf,hbelf5p@slideshare.net,992-445-4773,Philippines
Michail,Giabuzzi,mgiabuzzi5q@state.tx.us,332-626-7742,Poland
Tull,Bullion,tbullion5r@liveinternet.ru,862-933-2921,Mexico
Con,MacMenamin,cmacmenamin5s@wunderground.com,304-743-2226,United States
Abramo,Springate,aspringate5t@de.vu,947-771-1411,Mozambique
Ebeneser,Gurnell,egurnell5u@51.la,798-370-4919,Russia
Giustino,Bruckenthal,gbruckenthal5v@sciencedirect.com,808-465-9426,Philippines
Pietro,Rothon,prothon5w@samsung.com,109-198-1665,Indonesia
Gracie,Gadson,ggadson5x@netscape.com,174-178-9833,Poland
Anetta,Setter,asetter5y@deliciousdays.com,135-531-3192,South Africa
Kaila,Baggallay,kbaggallay5z@pinterest.com,284-978-9504,Indonesia
Maribeth,Cockrill,mcockrill60@epa.gov,936-448-9958,Mexico
Bear,Wride,bwride61@meetup.com,714-419-8437,China
Tory,Hayland,thayland62@va.gov,865-697-3978,China
Hollie,Brinkman,hbrinkman63@ask.com,817-142-9479,United States
Tiphany,Duley,tduley64@usnews.com,109-952-6385,Indonesia
Leland,Mathely,lmathely65@cafepress.com,204-978-5588,Eritrea
Emmalyn,Soots,esoots66@yellowbook.com,842-299-1189,Lesotho
Lorettalorna,Sherr,lsherr67@buzzfeed.com,426-208-4746,Jamaica
Shayne,McAvaddy,smcavaddy68@pen.io,441-817-9780,Nicaragua
Trent,Corkitt,tcorkitt69@canalblog.com,504-898-2324,United States
Ian,Hedon,ihedon6a@behance.net,113-897-0895,Mexico
Zebulen,Durrell,zdurrell6b@jalbum.net,804-384-3769,Indonesia
Hayward,Varney,hvarney6c@cisco.com,489-266-1142,Russia
Emanuel,Wardhough,ewardhough6d@bravesites.com,590-136-5747,Slovenia
Julietta,Godsmark,jgodsmark6e@1und1.de,563-549-5343,Peru
Alison,Christoffe,achristoffe6f@ezinearticles.com,384-567-7306,Burkina Faso
Arlin,Cristol,acristol6g@deviantart.com,747-603-3945,Indonesia
Dorian,Marquet,dmarquet6h@howstuffworks.com,764-229-8744,Brazil
Lombard,Plowman,lplowman6i@berkeley.edu,209-464-8847,Egypt
Paulo,Brownrigg,pbrownrigg6j@goo.ne.jp,588-247-0482,Venezuela
Elspeth,Rossi,erossi6k@ibm.com,491-462-3208,Mongolia
Gerri,Heather,gheather6l@cocolog-nifty.com,734-368-9631,United States
Martha,Cutress,mcutress6m@wufoo.com,622-446-1985,France
Reynard,Vela,rvela6n@google.co.uk,770-389-3194,Lebanon
Carmina,Pickthorne,cpickthorne6o@utexas.edu,696-292-7060,Azerbaijan
Karoline,Pischof,kpischof6p@newsvine.com,766-439-4660,Brazil
Torie,Guidera,tguidera6q@infoseek.co.jp,843-258-4373,China
Sisely,Windrus,swindrus6r@yandex.ru,200-370-3799,Bosnia and Herzegovina
Evelyn,Stubbe,estubbe6s@archive.org,155-748-9674,Indonesia
Penn,Klimkin,pklimkin6t@dedecms.com,514-298-7010,Sweden
Larina,Aish,laish6u@samsung.com,423-583-9685,Philippines
Iseabal,Vedntyev,ivedntyev6v@tripod.com,473-856-7446,Luxembourg
Chrystal,Leroy,cleroy6w@pcworld.com,480-687-3121,Brazil
Akim,Gowland,agowland6x@yellowbook.com,786-792-4674,Indonesia
Chickie,Cufley,ccufley6y@wikia.com,240-439-0703,China
Daron,Casado,dcasado6z@nyu.edu,578-839-9792,Indonesia
Angelia,Lippatt,alippatt70@engadget.com,776-350-8296,China
Chrisy,Cummins,ccummins71@alexa.com,779-386-5341,Kazakhstan
Cornelius,Adrien,cadrien72@illinois.edu,116-528-3009,Indonesia
Wylma,Brandli,wbrandli73@parallels.com,422-369-4609,Guatemala
Thomasin,Stampfer,tstampfer74@yale.edu,902-849-8916,Russia
Francisco,Brampton,fbrampton75@linkedin.com,104-673-9386,Philippines
Sky,Pick,spick76@biblegateway.com,405-472-6079,Guatemala
Ulla,Downage,udownage77@fastcompany.com,714-636-0109,Croatia
Binnie,Casiroli,bcasiroli78@europa.eu,675-750-6925,Russia
Kakalina,O'Neill,koneill79@webmd.com,963-399-7230,Sweden
Bondon,Scrimshire,bscrimshire7a@csmonitor.com,583-553-6820,Russia
Thedrick,Adamczyk,tadamczyk7b@quantcast.com,779-572-5259,China
Goddart,Aggott,gaggott7c@bbc.co.uk,999-218-4141,China
Dorry,Morrall,dmorrall7d@umn.edu,378-158-3481,China
Sheila,Garcia,sgarcia7e@tripadvisor.com,381-305-4626,Kenya
Heinrik,Benoi,hbenoi7f@plala.or.jp,799-497-5241,Philippines
Georgy,Vasyuchov,gvasyuchov7g@tuttocitta.it,735-677-3031,Indonesia
Meredeth,Howsam,mhowsam7h@gizmodo.com,164-198-2363,China
Isacco,Cubbini,icubbini7i@ed.gov,546-301-0399,Philippines
Sisile,Sibthorpe,ssibthorpe7j@mit.edu,820-168-1127,Indonesia
Leigh,Ceaplen,lceaplen7k@ft.com,632-561-5654,China
Bel,Le Provost,bleprovost7l@bloomberg.com,152-114-6055,China
Rodrigo,Welham,rwelham7m@pinterest.com,683-751-4641,Russia
Kassey,Ozanne,kozanne7n@feedburner.com,339-199-3668,Russia
Cherie,Corain,ccorain7o@google.pl,655-907-1892,China
Kass,Gipp,kgipp7p@sciencedirect.com,817-647-4198,Brazil
Jo-ann,de Clerk,jdeclerk7q@creativecommons.org,183-515-2696,Kuwait
Reggis,Satterlee,rsatterlee7r@hexun.com,929-802-5999,China
Gregoire,Mathy,gmathy7s@buzzfeed.com,743-335-5311,Burkina Faso
Grazia,Guilford,gguilford7t@guardian.co.uk,199-647-9845,Portugal
Morley,Durston,mdurston7u@istockphoto.com,451-553-2927,China
Leone,Newcomen,lnewcomen7v@goo.gl,795-428-4680,Philippines
Kristen,Swalteridge,kswalteridge7w@creativecommons.org,694-724-8606,China
Flynn,Surcombe,fsurcombe7x@geocities.jp,119-813-6392,Indonesia
Olwen,Locker,olocker7y@t.co,446-614-7973,Indonesia
Dorelle,De La Hay,ddelahay7z@51.la,121-467-9251,Spain
Adams,Marquis,amarquis80@amazonaws.com,119-912-3386,Colombia
Terra,Vasnetsov,tvasnetsov81@ca.gov,399-416-4251,Indonesia
Lemar,Ties,lties82@vistaprint.com,602-320-7397,China
Ambrose,Prothero,aprothero83@foxnews.com,704-755-0883,United States
Lorne,Goodyear,lgoodyear84@clickbank.net,156-980-3075,China
Brew,Marwick,bmarwick85@i2i.jp,966-322-9997,Slovenia
Norris,Feedham,nfeedham86@mashable.com,311-164-9996,Russia
Ynes,Abbado,yabbado87@wikispaces.com,349-250-3081,China
Consalve,Lenox,clenox88@msu.edu,913-497-4586,Guatemala
Mia,Perche,mperche89@house.gov,223-189-4578,Argentina
Sharl,Songhurst,ssonghurst8a@acquirethisname.com,828-818-9318,New Zealand
Blondie,Eastwell,beastwell8b@seattletimes.com,818-393-9586,Brazil
Marchelle,Lomasney,mlomasney8c@google.fr,766-965-2310,Armenia
Madalena,Maulkin,mmaulkin8d@chron.com,881-705-7962,Indonesia
Loretta,Burstowe,lburstowe8e@google.es,666-254-6521,Portugal
Gertruda,Folliott,gfolliott8f@senate.gov,912-229-6811,Mongolia
Christian,Kellen,ckellen8g@arizona.edu,553-676-2814,China
Galen,Deroche,gderoche8h@va.gov,609-302-7845,Philippines
Marnia,Gregori,mgregori8i@apache.org,966-289-0542,Namibia
Araldo,Keyson,akeyson8j@foxnews.com,758-578-3018,Brazil
Mathilda,McFaell,mmcfaell8k@businesswire.com,444-941-6887,Ukraine
Sim,Siggee,ssiggee8l@smugmug.com,960-765-7374,Indonesia
Antonetta,Struther,astruther8m@icio.us,136-968-3179,Iran
Stafani,Chaters,schaters8n@psu.edu,536-413-8977,Portugal
Sutton,Rawcliffe,srawcliffe8o@psu.edu,420-876-1331,Nigeria
Jasmine,Armistead,jarmistead8p@cbsnews.com,918-893-5163,Mongolia
Vasily,Bowring,vbowring8q@state.gov,885-904-1715,Philippines
Joachim,Ca,jca8r@oracle.com,432-426-2142,Portugal
Jana,Postan,jpostan8s@google.co.jp,729-903-3820,Indonesia
Livia,Skerrett,lskerrett8t@addtoany.com,713-830-7960,Philippines
Cordie,Roslen,croslen8u@multiply.com,118-814-2449,Colombia
Carny,Racine,cracine8v@army.mil,846-803-4677,Indonesia
Kaine,Dimitriades,kdimitriades8w@123-reg.co.uk,989-444-1264,Indonesia
Adelaide,Bamlett,abamlett8x@moonfruit.com,756-712-7002,Russia
Westleigh,Wisedale,wwisedale8y@smugmug.com,375-952-2523,Sweden
Cami,Maddra,cmaddra8z@yellowpages.com,602-586-2680,Vietnam
Richard,Neem,rneem90@networkadvertising.org,919-874-7573,Greece
Elayne,MacShirie,emacshirie91@slate.com,738-475-6714,Russia
Cole,Stubbings,cstubbings92@amazon.com,873-215-1266,Mongolia
Lindsey,Coudray,lcoudray93@hatena.ne.jp,312-631-4103,Indonesia
Madelin,Cargo,mcargo94@blinklist.com,887-379-6066,Philippines
Aindrea,Heaslip,aheaslip95@gnu.org,829-739-6383,Jamaica
Markos,Klambt,mklambt96@people.com.cn,381-792-1118,Kazakhstan
Tuck,Biasetti,tbiasetti97@loc.gov,492-119-5658,Philippines
Erroll,Walley,ewalley98@mail.ru,121-330-0722,China
Adella,Kix,akix99@slideshare.net,413-988-2374,Mexico
Henrie,Wakeling,hwakeling9a@google.cn,233-524-2262,China
Jehu,Fooks,jfooks9b@mysql.com,738-682-0714,Vietnam
Niki,Vecard,nvecard9c@newyorker.com,211-501-2451,Sweden
Minta,Elphinston,melphinston9d@google.fr,269-963-0738,Indonesia
Maddi,Abelson,mabelson9e@dell.com,406-156-4981,United States
Hailee,Nickerson,hnickerson9f@hc360.com,330-510-1926,Brazil
Ofella,Le Page,olepage9g@youtube.com,536-213-2972,China
Mendy,Bellam,mbellam9h@nih.gov,285-516-2063,China
Regine,Curteis,rcurteis9i@cocolog-nifty.com,946-249-5481,Poland
Rori,Fellis,rfellis9j@pbs.org,194-392-0786,Vietnam
Hildegaard,Wilkinson,hwilkinson9k@nymag.com,408-785-6298,United States
Ceil,Brockton,cbrockton9l@gmpg.org,413-947-5007,Cuba
Bernadene,Sills,bsills9m@wikispaces.com,336-341-8237,Mexico
Gertruda,Glaves,gglaves9n@spotify.com,667-557-7619,Philippines
Gavrielle,Klas,gklas9o@pen.io,902-208-4129,China
Shoshana,Robiot,srobiot9p@biglobe.ne.jp,569-386-3031,Poland
Leonard,Maggi,lmaggi9q@booking.com,343-190-6356,Tanzania
Griselda,Osgorby,gosgorby9r@so-net.ne.jp,182-993-4159,France
Madeleine,Linsay,mlinsay9s@pcworld.com,162-906-2408,Indonesia
Yulma,Lippett,ylippett9t@pbs.org,435-263-6624,Bosnia and Herzegovina
Elton,Dallin,edallin9u@studiopress.com,839-225-5022,Dominican Republic
Rriocard,Leethem,rleethem9v@discovery.com,200-874-4251,Mexico
Dasha,Sowthcote,dsowthcote9w@theglobeandmail.com,790-360-0336,China
Marianna,Johann,mjohann9x@w3.org,446-582-9654,Finland
Remy,Rozier,rrozier9y@thetimes.co.uk,176-810-6599,Pakistan
Shanan,Heinssen,sheinssen9z@people.com.cn,234-777-5687,Canada
Kora,Ondracek,kondraceka0@tamu.edu,402-810-6434,United States
Toni,Hibbart,thibbarta1@narod.ru,339-499-5550,Russia
Luciano,Kindon,lkindona2@who.int,797-459-5179,Cuba
Larina,Ceeley,lceeleya3@drupal.org,241-413-1105,China
Dennet,Dubose,ddubosea4@fema.gov,849-823-6633,Finland
Tobi,Dennerly,tdennerlya5@narod.ru,746-613-8217,France
Slade,Cessford,scessforda6@google.ca,188-708-5225,Portugal
Tarrance,Thackston,tthackstona7@icq.com,275-161-2228,Brazil
Demetris,Valadez,dvaladeza8@hud.gov,561-645-8586,Indonesia
Jayson,Veysey,jveyseya9@e-recht24.de,676-325-8313,Croatia
Davin,Conneely,dconneelyaa@xing.com,952-917-7820,United States
Carey,Sterricker,csterrickerab@seesaa.net,674-285-6458,Sweden
Kial,Shoulder,kshoulderac@homestead.com,263-828-5217,Ukraine
Yard,Frantzen,yfrantzenad@economist.com,691-864-2301,China
Ursala,Hastler,uhastlerae@huffingtonpost.com,794-638-0939,Sweden
Faulkner,Maypole,fmaypoleaf@nsw.gov.au,976-453-2674,Philippines
Jose,Thom,jthomag@devhub.com,883-855-1843,Iceland
Pammie,Niesel,pnieselah@pagesperso-orange.fr,870-850-5213,Indonesia
Franklyn,Poundesford,fpoundesfordai@blogspot.com,774-552-5801,Malaysia
Roda,Gemmill,rgemmillaj@nhs.uk,726-149-2335,China
Garvin,Clericoates,gclericoatesak@independent.co.uk,979-252-9222,China
Liliane,Burchmore,lburchmoreal@aboutads.info,842-771-0031,China
Selena,Attewill,sattewillam@walmart.com,138-324-3500,Central African Republic
Ruthy,Rutter,rrutteran@cdc.gov,840-692-8105,Sweden
Carlynne,Melonby,cmelonbyao@bloomberg.com,990-670-2582,Russia
Eleonora,Wasielewski,ewasielewskiap@google.pl,106-766-5769,Philippines
Jerrome,Hagan,jhaganaq@sohu.com,741-448-3247,Peru
Drugi,Kevlin,dkevlinar@webs.com,604-140-9852,Malaysia
Jozef,Vargas,jvargasas@reddit.com,330-250-8426,China
Emmery,Von Helmholtz,evonhelmholtzat@uol.com.br,518-984-6026,Norway
Adrianne,Jurisch,ajurischau@list-manage.com,203-509-2500,United States
Carita,Siemons,csiemonsav@parallels.com,507-192-0885,China
Briano,Benz,bbenzaw@bbb.org,812-676-8132,Thailand
Nalani,Bowdon,nbowdonax@addthis.com,763-823-6795,Japan
Aluin,Scroggs,ascroggsay@yale.edu,906-665-1776,Montenegro
Worden,Jeppe,wjeppeaz@github.io,370-934-9799,Australia
Livvyy,Stubbert,lstubbertb0@php.net,277-862-0619,Sri Lanka
Mirabel,Yokley,myokleyb1@aol.com,202-631-4768,China
Meredith,Doyley,mdoyleyb2@cmu.edu,902-444-4253,Chile
Lindsey,Enevoldsen,lenevoldsenb3@sogou.com,176-565-4078,Philippines
Stefania,Aldin,saldinb4@huffingtonpost.com,150-215-0216,Russia
Bibbie,Swyndley,bswyndleyb5@gnu.org,697-796-8499,Kenya
Fredericka,Matoshin,fmatoshinb6@nba.com,509-956-1789,South Africa
Arley,Moberley,amoberleyb7@uiuc.edu,661-830-3444,Poland
Laurette,Gleadhall,lgleadhallb8@blog.com,419-558-1398,Comoros
Dell,Daglish,ddaglishb9@cyberchimps.com,402-502-5358,United States
Ros,Schroeder,rschroederba@msu.edu,800-604-7871,Nicaragua
Hartwell,Eyrl,heyrlbb@infoseek.co.jp,334-237-0925,Japan
Melodee,Rodolphe,mrodolphebc@slate.com,497-235-2655,Cuba
Reggy,Moughton,rmoughtonbd@reverbnation.com,866-942-8559,Russia
Sarine,Yuryatin,syuryatinbe@nyu.edu,383-683-9367,Yemen
Isis,Curreen,icurreenbf@google.de,855-686-1493,Philippines
Saunderson,Tiddeman,stiddemanbg@topsy.com,988-458-3928,Poland
Jody,Lube,jlubebh@storify.com,904-206-0679,Bahrain
Cherilyn,Munks,cmunksbi@bloglines.com,119-772-3953,Thailand
Inesita,Hagstone,ihagstonebj@sphinn.com,636-118-7813,Portugal
Alyda,Trippitt,atrippittbk@netlog.com,542-672-8782,Indonesia
Stephine,Gillinghams,sgillinghamsbl@creativecommons.org,432-532-2369,Portugal
Kim,Nezey,knezeybm@netvibes.com,746-160-7785,China
Ebonee,Titley,etitleybn@odnoklassniki.ru,110-941-1346,Brazil
Katha,Forman,kformanbo@merriam-webster.com,626-318-3106,United States
Burton,Priter,bpriterbp@aboutads.info,366-757-8619,Indonesia
Celestyna,Crittal,ccrittalbq@harvard.edu,766-482-2693,Philippines
Emily,Craker,ecrakerbr@si.edu,639-660-6208,Poland
Slade,Hatz,shatzbs@state.tx.us,458-693-4287,Indonesia
Cleavland,Tuminelli,ctuminellibt@columbia.edu,592-292-9454,Russia
Anton,Suatt,asuattbu@kickstarter.com,932-261-8536,Uzbekistan
Aguste,Reggiani,areggianibv@earthlink.net,592-953-1341,Pakistan
Dagmar,Wear,dwearbw@redcross.org,247-715-4190,Portugal
Sofia,Iacovielli,siacoviellibx@sourceforge.net,407-575-4628,China
Ginevra,Almack,galmackby@hc360.com,519-635-1594,China
Ira,Harburtson,iharburtsonbz@about.com,476-460-3349,Egypt
Adey,Sporgeon,asporgeonc0@nymag.com,896-711-6035,China
Buffy,McAllan,bmcallanc1@msn.com,170-771-7886,Paraguay
Ber,Jeram,bjeramc2@bluehost.com,481-530-3544,Thailand
Keriann,Glavis,kglavisc3@dion.ne.jp,681-247-3314,Indonesia
Bibby,Dwyer,bdwyerc4@dion.ne.jp,792-921-4172,Indonesia
Bo,Skitt,bskittc5@vk.com,202-532-3468,Poland
Nerita,Chapier,nchapierc6@ca.gov,671-432-7147,China
Christophe,Rodolfi,crodolfic7@mlb.com,124-955-9002,Cuba
Colman,Guisler,cguislerc8@nasa.gov,305-125-5669,United States
Cara,Fomichkin,cfomichkinc9@cyberchimps.com,384-129-2833,Poland
Ailbert,Chater,achaterca@narod.ru,326-259-2855,Russia
Julina,Cossar,jcossarcb@ovh.net,323-894-1666,Czech Republic
Coralie,Sebley,csebleycc@ted.com,438-774-6373,Russia
Boigie,Ethelstone,bethelstonecd@utexas.edu,248-484-2872,Zambia
Jeanine,Kubec,jkubecce@privacy.gov.au,856-935-9511,Portugal
Griffith,Pachmann,gpachmanncf@netlog.com,634-397-0736,China
Clim,Symcock,csymcockcg@people.com.cn,622-817-6204,Russia
Winfred,Withur,wwithurch@sphinn.com,468-728-4952,Russia
Olympe,Greenroa,ogreenroaci@addthis.com,964-189-7262,South Africa
Hollie,McDonough,hmcdonoughcj@telegraph.co.uk,110-799-2312,Russia
Felisha,Giacopello,fgiacopellock@skype.com,301-250-0365,Brazil
Urbain,Straker,ustrakercl@java.com,601-557-6325,Malaysia
Ede,Jaynes,ejaynescm@alexa.com,966-480-8047,Indonesia
Aleksandr,Cavey,acaveycn@aboutads.info,725-852-7257,Japan
Alano,Gadney,agadneyco@blog.com,217-679-4310,Moldova
Eddy,Kienzle,ekienzlecp@redcross.org,652-228-8429,Indonesia
Connie,Potteridge,cpotteridgecq@washington.edu,442-885-1883,Chile
Candace,Gask,cgaskcr@spotify.com,654-689-7397,Indonesia
Dodi,Crosskill,dcrosskillcs@hhs.gov,809-849-1381,Macedonia
Clarette,Bradane,cbradanect@springer.com,776-311-6872,China
Anthe,Dalby,adalbycu@surveymonkey.com,798-299-4020,China
Garvy,Hadlington,ghadlingtoncv@newyorker.com,780-342-9732,Russia
Lula,Menel,lmenelcw@reddit.com,922-811-0351,China
Suellen,Enderwick,senderwickcx@gizmodo.com,786-988-8172,United States
Ruben,Hebditch,rhebditchcy@bigcartel.com,679-579-8387,China
Anabal,Grinikhinov,agrinikhinovcz@archive.org,702-356-3168,China
Dalston,Williamson,dwilliamsond0@nyu.edu,540-878-2312,China
Alair,De Mitri,ademitrid1@ftc.gov,543-888-3992,China
Sallee,Wabb,swabbd2@lycos.com,870-155-1557,Indonesia
Regan,Woof,rwoofd3@pinterest.com,548-721-1871,Finland
Shea,Minghi,sminghid4@jugem.jp,973-175-9650,China
Mario,Matczak,mmatczakd5@state.gov,842-120-1251,Japan
Stormi,Chataignier,schataignierd6@nsw.gov.au,202-262-5861,Peru
Pall,Connock,pconnockd7@creativecommons.org,423-487-3045,China
Neilla,Haistwell,nhaistwelld8@de.vu,203-486-3703,Indonesia
Sari,Dwire,sdwired9@xing.com,961-701-2982,Sweden
Jayme,Stading,jstadingda@nasa.gov,103-328-7400,Japan
Brandy,De Biasi,bdebiasidb@github.com,968-350-8148,China
Alberto,Pennycock,apennycockdc@tripod.com,350-363-0590,Kenya
Jerald,Carnegy,jcarnegydd@nationalgeographic.com,420-860-7160,Dominican Republic
Fitz,Glenny,fglennyde@about.me,653-311-1591,Indonesia
Xena,Gouldie,xgouldiedf@free.fr,831-544-4147,Portugal
Lanna,Siverns,lsivernsdg@samsung.com,608-589-7736,United States
Faye,Moverley,fmoverleydh@instagram.com,870-980-7463,Poland
Minnaminnie,Farrier,mfarrierdi@domainmarket.com,500-223-7722,China
Dana,Polglase,dpolglasedj@adobe.com,793-698-2781,Venezuela
Hope,Wragg,hwraggdk@statcounter.com,798-136-1393,Indonesia
Bail,Valsler,bvalslerdl@nationalgeographic.com,781-630-2971,Greece
Phylys,Libbey,plibbeydm@utexas.edu,463-372-7408,Mongolia
Astra,Welds,aweldsdn@about.com,286-519-0996,China
Whitman,Linfoot,wlinfootdo@yahoo.co.jp,202-380-2597,Japan
Melodie,Caraher,mcaraherdp@businessweek.com,764-808-1030,Russia
Dollie,Cornes,dcornesdq@fda.gov,263-929-5311,Brazil
Stephan,Rundle,srundledr@cisco.com,270-138-1567,Sweden
Basile,Benjamin,bbenjaminds@time.com,890-481-9121,China
Faulkner,Spottswood,fspottswooddt@discovery.com,268-958-1654,Sierra Leone
Tim,Broseke,tbrosekedu@eepurl.com,602-787-6808,China
Iona,Kerin,ikerindv@mail.ru,569-940-9426,Spain
Freda,Andreasen,fandreasendw@ftc.gov,685-654-1205,Indonesia
Kermy,Gelder,kgelderdx@china.com.cn,435-922-7673,Portugal
Tessi,Durston,tdurstondy@goo.ne.jp,335-381-0495,Canada
Obidiah,Busain,obusaindz@skype.com,467-708-8504,Brazil
Damaris,Buswell,dbuswelle0@nationalgeographic.com,816-149-6297,United States
Iris,Brookesbie,ibrookesbiee1@hugedomains.com,485-492-7754,Philippines
Bunny,McKeand,bmckeande2@studiopress.com,404-340-9384,Brazil
Estell,Jopp,ejoppe3@google.pl,736-270-9076,Macedonia
Adeline,Shinner,ashinnere4@earthlink.net,850-669-0110,China
Teddy,Gillbe,tgillbee5@ebay.co.uk,486-527-4129,China
Xylia,Mangenot,xmangenote6@shareasale.com,512-551-3014,Ukraine
Gabie,Hooks,ghookse7@japanpost.jp,446-547-5607,Ireland
Kora,Louch,klouche8@elpais.com,150-569-2692,Philippines
Ofelia,Rushmere,orushmeree9@patch.com,480-808-2375,Canada
Domenic,Botwright,dbotwrightea@chron.com,222-880-9458,Philippines
Cory,Ellicock,cellicockeb@jigsy.com,627-685-6267,Comoros
Kellsie,Renfrew,krenfrewec@slate.com,624-559-7661,France
Charmion,Humble,chumbleed@newsvine.com,684-144-7165,Ukraine
Phaidra,Wetter,pwetteree@gizmodo.com,664-489-5135,Poland
Cissy,Everit,ceveritef@theguardian.com,872-812-8040,Ethiopia
Gae,Grebner,ggrebnereg@gizmodo.com,496-181-9120,Indonesia
Alaine,Cluckie,acluckieeh@is.gd,727-281-3664,Ukraine
Karilynn,Kemmer,kkemmerei@guardian.co.uk,915-703-7250,Philippines
Harriett,Ciotti,hciottiej@vistaprint.com,876-854-8583,Indonesia
Mable,Antunes,mantunesek@zimbio.com,715-229-0551,Portugal
Latrina,Eddisford,leddisfordel@goodreads.com,293-203-7277,China
Dorette,Fallens,dfallensem@hc360.com,937-510-7336,China
Obidiah,Venton,oventonen@nymag.com,952-862-3068,Japan
Teddie,Warrender,twarrendereo@a8.net,713-906-2974,Mexico
Waly,Tripony,wtriponyep@ca.gov,394-215-4129,Poland
Sadie,Rummer,srummereq@technorati.com,483-495-6440,Russia
Gertrude,Iverson,giversoner@discovery.com,671-965-9928,Sweden
Simon,Comford,scomfordes@deliciousdays.com,706-704-4154,Mongolia
Mirella,MacGregor,mmacgregoret@goodreads.com,571-574-3887,Ukraine
Dud,Durman,ddurmaneu@eepurl.com,220-167-4178,Brazil
Vaughn,Pimlett,vpimlettev@woothemes.com,493-612-0395,Honduras
Yancy,Tillard,ytillardew@soup.io,633-675-0854,Indonesia
Gratia,Gibben,ggibbenex@geocities.com,443-774-9798,Cuba
Tiffani,Fenemore,tfenemoreey@ed.gov,149-505-0915,Brazil
Ferdinanda,Scading,fscadingez@usa.gov,306-658-0511,Venezuela
Hildagarde,Aspland,hasplandf0@networksolutions.com,961-664-6128,New Zealand
Cordi,Milazzo,cmilazzof1@howstuffworks.com,788-926-7475,Indonesia
Burty,Kagan,bkaganf2@jimdo.com,824-612-4653,Libya
Walliw,Grigg,wgriggf3@biblegateway.com,815-747-8593,China
Mitch,Vanini,mvaninif4@nba.com,546-709-5010,China
Martie,Tincknell,mtincknellf5@miitbeian.gov.cn,881-363-2786,Croatia
Pia,Laden,pladenf6@plala.or.jp,666-684-2033,Venezuela
Lotte,Winram,lwinramf7@miitbeian.gov.cn,132-525-2300,Philippines
Dorise,MacLucais,dmaclucaisf8@narod.ru,283-412-0190,Czech Republic
Tabb,Nobriga,tnobrigaf9@clickbank.net,224-184-3633,China
Layton,Vodden,lvoddenfa@theguardian.com,951-595-1961,Iran
Cindra,Emms,cemmsfb@ow.ly,233-202-7786,Norway
Thom,Berks,tberksfc@virginia.edu,949-793-7717,Denmark
Shandie,Sporrij,ssporrijfd@geocities.com,507-902-2473,Indonesia
Kermie,Lynnitt,klynnittfe@senate.gov,948-163-6941,Ukraine
Garrick,Janku,gjankuff@theglobeandmail.com,235-488-0312,Indonesia
Helen,Bygrove,hbygrovefg@google.com.br,323-736-1808,Honduras
Shelly,Hanselmann,shanselmannfh@goo.ne.jp,241-281-1814,Albania
Corrinne,Slot,cslotfi@delicious.com,341-578-9860,Colombia
Zechariah,McTurk,zmcturkfj@youku.com,850-905-6291,Ethiopia
Dorry,Sawforde,dsawfordefk@ifeng.com,527-605-2659,Brazil
Yvon,Morando,ymorandofl@amazon.com,313-159-1477,Indonesia
Gonzalo,Creasy,gcreasyfm@booking.com,396-306-9175,Indonesia
Haskell,Hartgill,hhartgillfn@scribd.com,888-127-1380,Indonesia
Betteann,Thow,bthowfo@drupal.org,468-940-7452,Portugal
Tessie,Marsham,tmarshamfp@howstuffworks.com,565-275-3037,Bulgaria
Brandais,Hooke,bhookefq@youku.com,259-308-5746,Hungary
Yalonda,Hawksworth,yhawksworthfr@canalblog.com,542-912-8782,Indonesia
Merry,Greenhaugh,mgreenhaughfs@google.com.br,736-455-1375,Russia
Sibilla,Achurch,sachurchft@ucoz.ru,209-252-0262,Iran
Kimberly,Attersoll,kattersollfu@tiny.cc,837-488-9678,Cuba
Ekaterina,Knappitt,eknappittfv@goo.gl,595-512-7878,Thailand
Ella,Ferroni,eferronifw@ebay.com,122-897-8232,Indonesia
Mechelle,Maddy,mmaddyfx@vk.com,836-368-1696,Malaysia
Whitby,Piesold,wpiesoldfy@dagondesign.com,668-675-7614,Uganda
Bab,Gawn,bgawnfz@techcrunch.com,561-740-4414,Egypt
Nady,Tregear,ntregearg0@globo.com,835-834-2732,China
Carmelia,Renbold,crenboldg1@so-net.ne.jp,269-798-0470,Russia
Olivia,Halpine,ohalpineg2@ucla.edu,330-401-6104,China
Maximo,Murname,mmurnameg3@deliciousdays.com,902-514-7015,Argentina
Holli,Ferrario,hferrariog4@aol.com,636-831-9743,Democratic Republic of the Congo
Kalli,Hussy,khussyg5@creativecommons.org,412-345-1634,China
Garrick,Rosenfarb,grosenfarbg6@themeforest.net,895-325-1109,Czech Republic
Garry,Kent,gkentg7@google.pl,133-973-4614,Indonesia
Chickie,Cassely,ccasselyg8@dot.gov,838-806-3563,Mexico
Shandra,Crack,scrackg9@tinyurl.com,163-589-9720,Brazil
Shellie,Shoebottom,sshoebottomga@facebook.com,594-460-4285,Indonesia
Flora,Seres,fseresgb@alexa.com,721-843-3235,Ukraine
Daisi,Hance,dhancegc@independent.co.uk,225-648-3830,Honduras
Kaylil,Morfield,kmorfieldgd@360.cn,869-335-9823,Japan
Wade,Pennacci,wpennaccige@t-online.de,977-445-8077,China
Sissy,Romaint,sromaintgf@geocities.jp,523-556-8382,Botswana
Fancie,Malek,fmalekgg@bandcamp.com,533-926-4416,Brazil
Clayson,Higford,chigfordgh@nbcnews.com,808-897-8814,Belarus
Skylar,Readie,sreadiegi@sohu.com,588-782-2734,Indonesia
Leonore,De Mico,ldemicogj@umich.edu,464-283-0754,Philippines
Allianora,Dowdam,adowdamgk@addtoany.com,618-540-7329,Indonesia
Gibbie,Hazlegrove,ghazlegrovegl@mtv.com,470-681-5139,Philippines
Brent,Leadley,bleadleygm@un.org,116-206-8088,France
Gretna,Lagadu,glagadugn@usa.gov,968-122-0118,China
Rivalee,Koch,rkochgo@myspace.com,719-543-0163,Afghanistan
Jilly,Bruni,jbrunigp@cocolog-nifty.com,405-400-3836,China
Warde,Moniker,wmonikergq@wix.com,542-787-9515,Indonesia
Sheila,Gerbl,sgerblgr@wufoo.com,998-934-3927,China
Nanete,Starbuck,nstarbuckgs@networkadvertising.org,370-746-9895,Uruguay
Lissy,Piwall,lpiwallgt@utexas.edu,255-494-3356,Indonesia
Andie,Bembrigg,abembrigggu@tumblr.com,736-935-0831,China
Patrice,Jeduch,pjeduchgv@wiley.com,890-811-3968,Philippines
Gibbie,Taree,gtareegw@stumbleupon.com,323-966-7669,China
Payton,Millthorpe,pmillthorpegx@cnn.com,678-935-3169,Myanmar
Nissy,Foli,nfoligy@uol.com.br,522-683-1502,Russia
Rebekkah,Ferraraccio,rferraracciogz@twitter.com,162-277-8979,Albania
Palmer,Iltchev,piltchevh0@ebay.com,928-431-4755,Chile
Daveta,Paradin,dparadinh1@weather.com,266-442-6258,Pakistan
Alanna,Taig,ataigh2@ning.com,136-387-1614,France
Rana,Stoffersen,rstoffersenh3@g.co,774-178-0462,Czech Republic
Rogerio,Treeby,rtreebyh4@dell.com,421-460-7165,Philippines
Frederick,Ronci,froncih5@xinhuanet.com,673-654-8977,China
Elita,Sikorsky,esikorskyh6@wunderground.com,365-223-8342,Philippines
Ulysses,Brim,ubrimh7@ox.ac.uk,533-532-8549,Czech Republic
Horatius,Christiensen,hchristiensenh8@walmart.com,646-991-1910,Thailand
Kai,Hurrion,khurrionh9@goodreads.com,975-767-7334,Poland
Gian,Lambeth,glambethha@google.es,205-326-0138,South Korea
Nikkie,Waltering,nwalteringhb@github.io,544-911-5249,China
Reinhard,Whyatt,rwhyatthc@furl.net,766-832-5451,Mozambique
Eric,Bolger,ebolgerhd@twitter.com,512-280-2410,Mexico
Dena,Giorgiutti,dgiorgiuttihe@vimeo.com,785-555-2372,Venezuela
Tuckie,Lidyard,tlidyardhf@kickstarter.com,912-140-8344,China
Bobbette,Steade,bsteadehg@taobao.com,553-254-0484,China
Myrilla,Purshouse,mpurshousehh@indiegogo.com,789-179-0506,Philippines
Tommy,Wabersinke,twabersinkehi@devhub.com,305-529-9170,Palestinian Territory
Woodman,Chidler,wchidlerhj@cdc.gov,823-353-0362,Portugal
Berti,Zottoli,bzottolihk@eventbrite.com,223-873-9339,China
Budd,Garrood,bgarroodhl@imageshack.us,619-636-8782,Guatemala
Claire,Shermore,cshermorehm@biglobe.ne.jp,879-420-1551,Indonesia
Andeee,Arntzen,aarntzenhn@huffingtonpost.com,820-129-5775,Portugal
Tasha,Itscowicz,titscowiczho@flickr.com,247-876-5138,Indonesia
Sunny,Kerman,skermanhp@php.net,426-788-8209,Indonesia
Mitzi,Marshal,mmarshalhq@spotify.com,749-148-5965,Pakistan
Georgina,Earle,gearlehr@github.com,275-518-0554,China
Laney,Beyn,lbeynhs@pinterest.com,417-625-2898,China
Christophe,Pellant,cpellantht@ucoz.ru,292-410-4288,Brazil
Morgen,Corselles,mcorselleshu@merriam-webster.com,365-127-5718,China
Miguel,Fratczak,mfratczakhv@vinaora.com,793-291-4783,China
Martynne,Morrad,mmorradhw@reuters.com,340-245-1291,Macedonia
Kipp,Kanwell,kkanwellhx@harvard.edu,349-615-0273,China
Orelee,Werndley,owerndleyhy@istockphoto.com,910-768-1242,China
Judon,Renneke,jrennekehz@cbsnews.com,411-263-6688,Russia
Lorens,Panniers,lpanniersi0@paginegialle.it,318-170-3017,Poland
Lodovico,Vasyunichev,lvasyunichevi1@csmonitor.com,643-787-3811,Peru
Chandler,Devennie,cdevenniei2@state.tx.us,997-608-6542,Russia
Hamilton,Matteoli,hmatteolii3@blinklist.com,566-790-8482,Panama
Rupert,Manach,rmanachi4@va.gov,287-620-3690,Costa Rica
Cissiee,Warden,cwardeni5@globo.com,981-316-5063,Tunisia
Veronica,Grote,vgrotei6@shutterfly.com,975-277-2954,Mongolia
Bernardine,Pieroni,bpieronii7@mit.edu,644-233-0360,Peru
Patric,Lester,plesteri8@miibeian.gov.cn,116-502-9785,Uzbekistan
Daria,Waldocke,dwaldockei9@sphinn.com,227-365-7701,Japan
Ilsa,Croose,icrooseia@studiopress.com,596-619-6455,Estonia
Andrey,Rance,aranceib@economist.com,599-101-3929,Dominican Republic
Kristin,Behning,kbehningic@wikimedia.org,977-736-9549,Mongolia
Yorke,Exter,yexterid@tripadvisor.com,517-897-3859,Russia
Valeda,Dakin,vdakinie@prnewswire.com,502-236-9978,Poland
Alika,Pettiford,apettifordif@tmall.com,494-210-4956,Indonesia
Koressa,Botger,kbotgerig@google.it,359-574-6078,Russia
Francisca,Crown,fcrownih@google.de,596-740-0879,Thailand
Humfrey,Silburn,hsilburnii@fema.gov,116-175-6057,Bolivia
Chantal,Olliff,colliffij@altervista.org,515-392-9150,China
Charlie,Lundbeck,clundbeckik@yandex.ru,296-160-9857,Kyrgyzstan
Alaric,McTrustam,amctrustamil@china.com.cn,911-510-4428,China
Cissiee,Gill,cgillim@shutterfly.com,140-625-9018,Argentina
Tamarah,Nutkins,tnutkinsin@alexa.com,148-437-0558,France
Rodrigo,Crafts,rcraftsio@aol.com,487-182-5727,Kazakhstan
Ginni,Breinlein,gbreinleinip@i2i.jp,609-747-3511,Indonesia
Sidonia,Wadelin,swadeliniq@posterous.com,241-878-6954,China
Shandy,Ciepluch,sciepluchir@altervista.org,911-336-9245,South Korea
Britte,Veregan,bvereganis@trellian.com,789-178-2830,Estonia
Clovis,Tongue,ctongueit@networkadvertising.org,407-806-1089,United States
Violette,Kaplan,vkaplaniu@wix.com,297-653-9174,Portugal
Henka,Millard,hmillardiv@nydailynews.com,743-927-5290,Colombia
Chad,Madner,cmadneriw@narod.ru,664-766-7303,Argentina
Skippie,McPaike,smcpaikeix@youku.com,916-328-2150,United States
Jamil,Rainville,jrainvilleiy@state.tx.us,441-780-2244,Philippines
Woodman,Elder,welderiz@ocn.ne.jp,561-570-1500,Indonesia
Mitchel,Dmitrievski,mdmitrievskij0@wufoo.com,980-319-6493,Greece
Mannie,Hewins,mhewinsj1@wikipedia.org,453-806-1106,Portugal
Honey,Carnduff,hcarnduffj2@wikipedia.org,390-895-6730,Thailand
Basile,Caves,bcavesj3@irs.gov,253-161-6229,Greece
Germain,Haskins,ghaskinsj4@deviantart.com,784-316-3269,Poland
Renaud,Attril,rattrilj5@google.es,279-381-3580,Poland
Ardelis,Wapples,awapplesj6@last.fm,125-204-7086,Indonesia
Calypso,L'Episcopio,clepiscopioj7@theglobeandmail.com,491-868-9060,Philippines
Olivier,Winchcombe,owinchcombej8@pagesperso-orange.fr,740-812-0306,Brazil
Sada,Blewett,sblewettj9@about.me,260-197-5091,Honduras
Kendra,Rome,kromeja@t.co,468-566-2419,Indonesia
Arlyne,Cathro,acathrojb@naver.com,756-970-4119,China
Reinaldo,Dawtrey,rdawtreyjc@sbwire.com,249-212-8724,Mexico
Jeanie,Bouchier,jbouchierjd@narod.ru,105-260-9575,China
Carlene,Soans,csoansje@blog.com,550-405-0857,Argentina
Brooks,Summerlee,bsummerleejf@wired.com,981-527-3480,China
Hurley,McFadin,hmcfadinjg@dot.gov,226-410-4846,Ukraine
Scarface,Audrey,saudreyjh@google.ca,664-331-0395,China
Farris,Raubheim,fraubheimji@whitehouse.gov,566-252-6534,Poland
Kerr,Rozea,krozeajj@zdnet.com,471-450-4640,Philippines
Jobey,Hurn,jhurnjk@imageshack.us,293-317-7346,Philippines
Gizela,Crawforth,gcrawforthjl@bizjournals.com,896-738-5640,Greece
Gerda,Wooler,gwoolerjm@buzzfeed.com,250-169-4284,Thailand
Eldridge,Vanetti,evanettijn@biblegateway.com,507-388-3685,Costa Rica
Garland,Chancellor,gchancellorjo@mashable.com,537-715-1610,Marshall Islands
Feliks,Burchill,fburchilljp@github.io,949-986-9426,Israel
Hanna,Craxford,hcraxfordjq@tamu.edu,431-139-6322,China
Sylvester,Brotherheed,sbrotherheedjr@ebay.com,839-576-9950,Thailand
Abel,Dyos,adyosjs@admin.ch,131-719-2776,Finland
Padraic,Thorneloe,pthorneloejt@fc2.com,547-541-3306,China
Belita,Grishkov,bgrishkovju@bravesites.com,682-639-9564,Mexico
Nana,Broggetti,nbroggettijv@paginegialle.it,833-238-1291,Russia
Bartlet,Jakoubec,bjakoubecjw@npr.org,999-690-3315,China
Clemente,Tuson,ctusonjx@youtube.com,833-427-0012,Indonesia
Cosme,Sopp,csoppjy@merriam-webster.com,697-265-6829,Germany
Bettine,Royste,broystejz@guardian.co.uk,868-113-2515,Vietnam
Elia,Ferrotti,eferrottik0@twitpic.com,303-364-0124,China
Archambault,Goreway,agorewayk1@kickstarter.com,942-197-1765,Thailand
Gerrard,Gaskell,ggaskellk2@jalbum.net,808-446-0598,Moldova
Evy,Gergus,egergusk3@senate.gov,121-606-9882,Brazil
Edan,Kitt,ekittk4@hhs.gov,949-588-3796,Slovenia
Giorgi,Burndred,gburndredk5@engadget.com,344-702-7875,Yemen
Wenda,Bleyman,wbleymank6@dyndns.org,717-376-3413,Russia
Ralph,Zambon,rzambonk7@odnoklassniki.ru,825-378-6463,Canada
Gwenneth,Espinet,gespinetk8@instagram.com,818-757-7371,Portugal
Livvy,Alenikov,lalenikovk9@seattletimes.com,829-138-3137,China
Jewelle,Ridgeway,jridgewayka@latimes.com,960-987-1379,Indonesia
Zahara,Baumadier,zbaumadierkb@netlog.com,268-506-4629,Malaysia
Fiann,Sinden,fsindenkc@independent.co.uk,659-694-6144,Guatemala
Alene,Bach,abachkd@un.org,989-666-0274,United States
Natassia,Savile,nsavileke@nature.com,519-967-1662,Portugal
Maxine,Wrist,mwristkf@npr.org,944-713-8562,Albania
Selestina,Gosdin,sgosdinkg@google.com.br,533-912-3698,Indonesia
Lisa,Wisker,lwiskerkh@kickstarter.com,839-367-0367,Brazil
Rorke,Bridge,rbridgeki@buzzfeed.com,993-572-3987,Indonesia
Claybourne,Baumler,cbaumlerkj@nps.gov,866-273-0795,Indonesia
Addy,Worlock,aworlockkk@canalblog.com,905-848-3035,Czech Republic
Karlie,Calliss,kcallisskl@businessinsider.com,784-399-8300,China
Jamison,Gagin,jgaginkm@lulu.com,271-207-2576,Indonesia
Yvor,Fucher,yfucherkn@bbb.org,117-485-9569,Russia
Arnoldo,Hamsher,ahamsherko@sciencedaily.com,735-391-2234,North Korea
Joice,Pevreal,jpevrealkp@who.int,698-734-4190,China
Benita,Trowill,btrowillkq@bbc.co.uk,448-803-1498,Indonesia
Lyndsie,Albion,lalbionkr@ucoz.ru,518-661-0353,Philippines
Florinda,Weightman,fweightmanks@berkeley.edu,521-541-6112,Afghanistan
Ellyn,Ivimy,eivimykt@princeton.edu,807-581-2669,Indonesia
Lenci,Rainsden,lrainsdenku@opensource.org,888-662-5540,Philippines
Charlton,Woodlands,cwoodlandskv@umn.edu,125-518-6193,Greece
Ab,Landis,alandiskw@friendfeed.com,275-456-1152,Russia
Agosto,Don,adonkx@eepurl.com,462-965-6561,Russia
Orton,Antonescu,oantonescuky@surveymonkey.com,722-345-2835,Indonesia
Betsy,Toland,btolandkz@bigcartel.com,932-531-9915,China
Cherri,Malling,cmallingl0@dell.com,566-160-4912,Germany
Randolph,Huxstep,rhuxstepl1@posterous.com,717-836-6483,Israel
Harald,Veque,hvequel2@prweb.com,775-679-3994,Uruguay
Adrea,Zincke,azinckel3@taobao.com,722-491-3514,Portugal
Demetri,Chevers,dcheversl4@sina.com.cn,146-800-0027,Sweden
Agnes,McBride,amcbridel5@reverbnation.com,872-863-8449,Indonesia
Maitilde,Barlass,mbarlassl6@howstuffworks.com,135-241-4272,Ireland
Nessi,Mattiazzo,nmattiazzol7@twitter.com,108-712-5819,Libya
Jasper,Bingell,jbingelll8@oracle.com,511-633-1480,Mongolia
Ring,Czajkowski,rczajkowskil9@admin.ch,364-490-1254,Greece
Pris,Rissom,prissomla@salon.com,766-728-4151,China
Ernesta,Beardsworth,ebeardsworthlb@etsy.com,853-648-6666,Mongolia
Veronika,Ambrose,vambroselc@google.com.br,328-893-2479,China
Thatch,Settle,tsettleld@nature.com,422-923-4234,Ukraine
Eb,Partrick,epartrickle@google.co.uk,800-311-1926,Philippines
Conchita,Alwin,calwinlf@alexa.com,195-851-6010,Switzerland
Mitchell,Bartosch,mbartoschlg@patch.com,921-341-5700,China
Sadella,Jordi,sjordilh@foxnews.com,271-714-8920,Lithuania
Dolph,Rudiger,drudigerli@g.co,241-457-7739,Poland
Corinne,Conibere,cconiberelj@imageshack.us,793-514-6605,China
Arlyne,Garioch,agariochlk@sogou.com,139-268-0978,Spain
Terrance,Roydon,troydonll@webnode.com,771-167-3341,Indonesia
Sheri,Kennermann,skennermannlm@usda.gov,713-349-3566,China
Linnet,Lohde,llohdeln@list-manage.com,660-831-6112,Philippines
Selinda,Seeney,sseeneylo@163.com,684-190-6947,Sweden
Bernie,Muttitt,bmuttittlp@scribd.com,889-141-2015,China
Marcia,Bangham,mbanghamlq@infoseek.co.jp,832-564-1898,Poland
Willow,Leyman,wleymanlr@yellowpages.com,687-983-9752,Brazil
Bette,Mahaddie,bmahaddiels@answers.com,300-147-8095,Russia
Aylmer,Philippault,aphilippaultlt@sogou.com,641-363-6588,Indonesia
Karlee,Faulder,kfaulderlu@aol.com,836-883-6159,France
Brandyn,Ginger,bgingerlv@un.org,814-672-2804,Armenia
Earlie,Bleibaum,ebleibaumlw@unblog.fr,121-117-3582,Sweden
Reynold,Aspel,raspellx@dyndns.org,903-618-5508,China
Sarita,Reuter,sreuterly@networkadvertising.org,413-876-0870,South Africa
Benson,Mallon,bmallonlz@godaddy.com,228-613-4294,Mexico
Winona,Winterscale,wwinterscalem0@cargocollective.com,898-118-4468,Czech Republic
Roz,Beevens,rbeevensm1@fema.gov,581-138-9845,Denmark
Emiline,Vlasenkov,evlasenkovm2@angelfire.com,673-512-1880,China
Adler,Karpenko,akarpenkom3@nymag.com,588-724-1867,Azerbaijan
Ynes,Rooze,yroozem4@webnode.com,850-195-6078,China
Lauree,Riveles,lrivelesm5@domainmarket.com,483-768-9860,Indonesia
Wake,Barfford,wbarffordm6@guardian.co.uk,907-164-1352,Russia
Hedvig,Godfrey,hgodfreym7@rediff.com,801-856-0894,Greece
Leif,Dran,ldranm8@imgur.com,312-203-9775,Indonesia
Ivie,Temporal,itemporalm9@youtu.be,483-894-0175,Latvia
Carmencita,Gumbley,cgumbleyma@ca.gov,175-311-6364,Poland
Aldo,Wallicker,awallickermb@nsw.gov.au,344-830-5168,China
Gayla,Airth,gairthmc@plala.or.jp,574-565-6041,Serbia
Jarred,Mertel,jmertelmd@marriott.com,604-843-0924,China
Moyna,Rohloff,mrohloffme@ustream.tv,474-536-7464,Ukraine
Rinaldo,Toner,rtonermf@wordpress.com,806-788-5255,Brazil
Brannon,Bartholomew,bbartholomewmg@phoca.cz,128-250-5223,Honduras
Ginny,Van den Oord,gvandenoordmh@blogtalkradio.com,244-150-3361,Japan
Myrta,Gilphillan,mgilphillanmi@loc.gov,637-642-9542,Mauritius
Kelcy,Fend,kfendmj@dion.ne.jp,533-112-1556,Indonesia
Cathi,Childerley,cchilderleymk@businesswire.com,706-618-0582,China
Virgie,Bradneck,vbradneckml@sohu.com,278-529-4764,Philippines
Gustav,Borkin,gborkinmm@devhub.com,365-324-6278,Mozambique
Rikki,Druery,rdruerymn@oaic.gov.au,647-926-3294,China
Boy,Wildish,bwildishmo@seesaa.net,470-259-4316,Brazil
Zechariah,Tomaino,ztomainomp@yelp.com,504-478-3659,Lebanon
Becky,Keatley,bkeatleymq@istockphoto.com,557-135-8223,Uganda
Merry,Ridett,mridettmr@va.gov,572-869-5761,Croatia
Elwin,Leader,eleaderms@amazon.de,475-701-7990,Chad
Lotty,Earsman,learsmanmt@biblegateway.com,941-349-3470,Honduras
Fitzgerald,Pichmann,fpichmannmu@liveinternet.ru,539-805-8892,China
Dana,Rasher,drashermv@xinhuanet.com,155-557-3798,Moldova
Ricki,Benham,rbenhammw@apache.org,104-244-5922,France
Flemming,Frondt,ffrondtmx@live.com,591-304-2776,Qatar
Tobe,Trouel,ttrouelmy@dion.ne.jp,232-562-8880,France
Matthias,Gimblet,mgimbletmz@friendfeed.com,673-140-6679,China
Abbe,Bilbrey,abilbreyn0@phpbb.com,541-824-5018,El Salvador
Mireielle,Legrave,mlegraven1@yelp.com,910-650-4986,Indonesia
Ravid,Di Baudi,rdibaudin2@samsung.com,555-623-8099,Argentina
Fin,Lutz,flutzn3@sourceforge.net,898-148-6422,Philippines
Ofilia,Donneely,odonneelyn4@comsenz.com,758-323-4459,Vietnam
Gillian,Barcroft,gbarcroftn5@163.com,476-193-6854,Equatorial Guinea
Chas,Keane,ckeanen6@yahoo.com,450-125-4000,China
Paulo,Exell,pexelln7@kickstarter.com,882-277-9785,Portugal
Jemmy,Tanswill,jtanswilln8@newyorker.com,783-860-6295,France
Klemens,Lissimore,klissimoren9@walmart.com,761-367-6194,France
Alejandrina,Skahill,askahillna@sciencedaily.com,717-213-6163,Philippines
Pia,Perryman,pperrymannb@usatoday.com,248-647-0019,Ukraine
Marice,Minor,mminornc@google.de,658-627-4845,Italy
Avivah,Riply,ariplynd@tiny.cc,662-162-3681,Indonesia
Elisa,Kinnoch,ekinnochne@slideshare.net,100-639-7770,Russia
Panchito,Vigars,pvigarsnf@webs.com,175-289-1491,China
Windham,Mather,wmatherng@imdb.com,992-663-1465,Indonesia
Hamil,Averies,haveriesnh@hubpages.com,663-104-1770,Indonesia
Aylmer,Loverock,aloverockni@technorati.com,693-619-5346,Russia
Les,Sketh,lskethnj@washington.edu,842-476-8672,Mali
Preston,Espinola,pespinolank@geocities.jp,809-867-2058,China
Jackie,Handes,jhandesnl@hostgator.com,245-277-7127,Indonesia
Dorothy,Wheadon,dwheadonnm@t.co,418-965-2041,Russia
Morley,Larimer,mlarimernn@multiply.com,718-802-6067,Netherlands
Hinze,Molan,hmolanno@digg.com,891-183-3503,Thailand
Bernita,Attwooll,battwoollnp@gov.uk,797-538-6653,Mongolia
Thaddeus,Sutherel,tsutherelnq@fema.gov,224-371-2090,Philippines
Field,Bilbie,fbilbienr@t.co,929-509-5882,Russia
Eustacia,Sunnucks,esunnucksns@forbes.com,467-512-6926,China
Franchot,Soule,fsoulent@tumblr.com,682-163-2161,Peru
Hy,Dryden,hdrydennu@youtube.com,331-266-0770,Panama
Jennette,Crowch,jcrowchnv@com.com,834-275-6471,Malaysia
Angelika,Skudder,askuddernw@un.org,367-106-0173,Russia
Dino,Lark,dlarknx@topsy.com,915-480-8441,France
Yovonnda,Scothorne,yscothorneny@unc.edu,157-193-9653,Brazil
Bevin,Slaughter,bslaughternz@economist.com,531-188-0177,China
Margaux,Pogson,mpogsono0@economist.com,497-805-5362,Russia
Perla,Poile,ppoileo1@dedecms.com,353-484-3194,China
Arnaldo,Caitlin,acaitlino2@sohu.com,736-448-5947,Morocco
Milissent,Songhurst,msonghursto3@issuu.com,717-522-4055,Ireland
Emmalynn,Miklem,emiklemo4@jigsy.com,878-405-3296,Egypt
Carlen,Litel,clitelo5@hud.gov,496-237-1686,Philippines
Englebert,Vardon,evardono6@ning.com,286-596-2795,Russia
Addie,Shorthill,ashorthillo7@yelp.com,992-547-8912,Russia
Alanna,Bramelt,abramelto8@europa.eu,526-460-3464,Greece
Marnia,Haselhurst,mhaselhursto9@spotify.com,776-519-2191,Philippines
Jenilee,Reijmers,jreijmersoa@google.nl,861-515-3097,Indonesia
Margeaux,Wiggin,mwigginob@devhub.com,234-676-1447,Argentina
Franklyn,Rapo,frapooc@tripadvisor.com,532-165-5700,Poland
Sheri,Doog,sdoogod@blogs.com,106-963-5964,Iran
Kristel,Menham,kmenhamoe@accuweather.com,492-303-9872,Peru
Ameline,Sharpling,asharplingof@who.int,283-918-7419,Thailand
Renata,Parkes,rparkesog@tumblr.com,948-117-6419,China
Florance,Glavis,fglavisoh@cloudflare.com,738-401-9356,Portugal
Niki,Warham,nwarhamoi@techcrunch.com,959-114-8026,Russia
Barbee,Common,bcommonoj@nytimes.com,602-737-9570,Canada
Andy,Mitchell,amitchellok@live.com,440-188-5557,China
Giana,Rickword,grickwordol@sogou.com,412-390-3396,Namibia
Babbette,Gaines,bgainesom@posterous.com,175-734-3984,China
Niels,Abethell,nabethellon@state.gov,364-317-6225,Ukraine
Nikita,Alty,naltyoo@ifeng.com,350-497-0853,Russia
Isador,Owbridge,iowbridgeop@bbb.org,340-468-4193,Indonesia
Tyne,Vigne,tvigneoq@wp.com,334-602-6214,Fiji
Nikos,Matyasik,nmatyasikor@mediafire.com,661-151-5003,Swaziland
Siffre,Calender,scalenderos@discuz.net,890-952-7827,Iran
Halette,Shafto,hshaftoot@goodreads.com,633-417-9651,Portugal
Leonerd,Morrow,lmorrowou@independent.co.uk,889-846-0100,Israel
Marybeth,Myrick,mmyrickov@scientificamerican.com,418-265-1377,Bolivia
Elie,Spellar,espellarow@pagesperso-orange.fr,975-353-0634,Japan
Karmen,Dignon,kdignonox@thetimes.co.uk,353-657-6891,Syria
Tabina,Haughin,thaughinoy@pcworld.com,832-823-6544,Chile
Yvonne,Chitter,ychitteroz@sciencedaily.com,786-754-6116,United States
Noelle,Olver,nolverp0@arstechnica.com,744-495-7226,Portugal
Menard,Holhouse,mholhousep1@xing.com,805-288-7347,Philippines
Bentlee,Freund,bfreundp2@seattletimes.com,159-981-5562,China
Joelynn,Pittford,jpittfordp3@hao123.com,990-626-5639,Philippines
Alyce,McAreavey,amcareaveyp4@china.com.cn,260-473-1228,Philippines
Bobby,Kaser,bkaserp5@mapy.cz,451-475-8753,Ukraine
Prudi,Meysham,pmeyshamp6@bloomberg.com,603-225-5946,China
Adel,Portinari,aportinarip7@sakura.ne.jp,602-471-4505,United States
Jozef,Rasch,jraschp8@istockphoto.com,844-134-1041,Indonesia
Amory,Mahmood,amahmoodp9@4shared.com,547-788-8069,Sweden
Derrick,Crossgrove,dcrossgrovepa@xing.com,600-766-6429,France
Garik,Fewkes,gfewkespb@sitemeter.com,827-563-2331,Pakistan
Vina,Izakof,vizakofpc@tuttocitta.it,726-621-7303,Brazil
Brenda,Uvedale,buvedalepd@dailymotion.com,971-115-7725,France
Tobe,Sammon,tsammonpe@icio.us,437-661-1770,France
Arel,Shurville,ashurvillepf@list-manage.com,526-967-0085,Indonesia
Dorree,Battin,dbattinpg@hostgator.com,595-710-3583,Nigeria
Ranna,Dentith,rdentithph@github.io,277-699-6218,Malaysia
Dalia,McGall,dmcgallpi@livejournal.com,432-694-4162,Denmark
Sandye,Careswell,scareswellpj@umich.edu,765-888-1992,China
Glenna,Drury,gdrurypk@is.gd,230-225-8486,Croatia
Barty,Kenion,bkenionpl@sakura.ne.jp,490-117-7569,China
Samaria,Boutwell,sboutwellpm@youtu.be,845-591-5338,Myanmar
Alicea,Janaway,ajanawaypn@123-reg.co.uk,355-202-6588,China
Jake,Skewes,jskewespo@cbc.ca,130-221-5986,France
Krispin,Corkett,kcorkettpp@marriott.com,367-970-4056,Russia
Mollee,Hutt,mhuttpq@myspace.com,314-358-5794,United States
Reba,Folkerd,rfolkerdpr@dagondesign.com,628-111-2285,Spain
Reidar,Aitchinson,raitchinsonps@apache.org,509-305-3415,Poland
Milena,Gerardeaux,mgerardeauxpt@bloglines.com,109-599-3315,China
Huey,Barnfield,hbarnfieldpu@gizmodo.com,508-826-2610,Philippines
Gunar,Luckcock,gluckcockpv@epa.gov,594-805-8197,Indonesia
Dotty,Heineken,dheinekenpw@oakley.com,503-990-3311,Sweden
Lawrence,Gellately,lgellatelypx@myspace.com,565-632-5901,Poland
Benita,Prisley,bprisleypy@cbc.ca,370-256-4299,North Korea
Ailina,MacLaren,amaclarenpz@weather.com,272-718-8053,Poland
Isabel,Vamplus,ivamplusq0@scribd.com,796-630-3669,Indonesia
Joyce,Demangel,jdemangelq1@blogs.com,373-708-5047,South Africa
Dasya,Oylett,doylettq2@free.fr,329-166-2249,Peru
Leonore,Berston,lberstonq3@comsenz.com,427-384-8672,China
Vlad,Scoines,vscoinesq4@yale.edu,780-624-0447,Portugal
Sheela,Perez,sperezq5@drupal.org,448-176-7618,Japan
Archambault,Frain,afrainq6@hatena.ne.jp,742-450-3351,Peru
Kristoforo,Jurzyk,kjurzykq7@unc.edu,717-264-8150,Portugal
Alphonse,Standall,astandallq8@dailymail.co.uk,814-295-4102,Philippines
Ulick,Hinemoor,uhinemoorq9@craigslist.org,982-879-2140,Poland
Toby,Pineaux,tpineauxqa@wired.com,129-445-4441,Philippines
Beulah,Hargrave,bhargraveqb@geocities.com,247-948-3427,France
Harwilll,Ruggs,hruggsqc@i2i.jp,808-392-8845,France
Peggy,Semarke,psemarkeqd@bbb.org,592-723-0760,Indonesia
Odelle,Copcott,ocopcottqe@pinterest.com,583-571-3892,Brazil
Smitty,Kidgell,skidgellqf@godaddy.com,261-474-6340,Mexico
Ignaz,Allmann,iallmannqg@free.fr,408-450-5168,France
Halli,Krysztofiak,hkrysztofiakqh@wordpress.org,832-584-5690,Norway
Gwenora,Dukes,gdukesqi@twitter.com,941-523-9081,France
Anthia,Whodcoat,awhodcoatqj@altervista.org,342-428-6389,Vietnam
Rana,Nettleship,rnettleshipqk@163.com,385-886-6801,Guatemala
Cy,Schulze,cschulzeql@edublogs.org,478-652-7064,United States
Babbette,Hamsher,bhamsherqm@acquirethisname.com,618-237-4593,Indonesia
Scot,Lorrain,slorrainqn@geocities.com,422-184-2658,Ukraine
Randee,Gaskarth,rgaskarthqo@pinterest.com,470-759-9369,Syria
Gleda,Letertre,gletertreqp@foxnews.com,128-484-3106,China
Haroun,Gibby,hgibbyqq@ifeng.com,839-890-4946,Argentina
Gaven,Alcorn,galcornqr@hibu.com,958-461-2496,Brazil
Kennedy,Tebald,ktebaldqs@blogtalkradio.com,955-114-7230,Poland
Isadore,Naldrett,inaldrettqt@state.gov,852-559-4583,China
Denice,Grzeskowski,dgrzeskowskiqu@businessweek.com,809-358-4986,France
Stillmann,Fatkin,sfatkinqv@sfgate.com,882-126-9678,Russia
Omar,Besque,obesqueqw@epa.gov,481-801-0479,Brazil
Milly,Southern,msouthernqx@google.ca,802-217-4217,Luxembourg
Starlene,MacTurlough,smacturloughqy@house.gov,100-672-9011,Indonesia
Natty,Joderli,njoderliqz@home.pl,331-538-0251,Argentina
Simona,Canizares,scanizaresr0@ehow.com,335-957-9987,Czech Republic
Englebert,McLarens,emclarensr1@mtv.com,568-637-5973,Canada
Mirilla,Trimmill,mtrimmillr2@wikimedia.org,785-951-8808,China
Delphinia,Collinson,dcollinsonr3@ucla.edu,730-302-7689,Portugal
Alica,Akhurst,aakhurstr4@ebay.co.uk,955-291-5855,Portugal
Jermaine,Hanham,jhanhamr5@discuz.net,720-638-4714,China
Madel,Arias,mariasr6@typepad.com,380-913-1033,Russia
Eldridge,Lanaway,elanawayr7@boston.com,919-242-5030,Tanzania
Mufinella,Belvin,mbelvinr8@geocities.com,998-788-0719,Ukraine
Weylin,Dumbrill,wdumbrillr9@reference.com,272-812-5890,Azerbaijan
Rabbi,Dodman,rdodmanra@exblog.jp,419-324-7633,Russia
Janek,Cleyne,jcleynerb@jimdo.com,677-759-3505,Brazil
Courtney,Ansteys,cansteysrc@whitehouse.gov,634-961-4077,Brazil
Lambert,MacCurley,lmaccurleyrd@arizona.edu,665-400-4464,Sweden
Diane-marie,Ephson,dephsonre@cpanel.net,800-804-1862,Honduras
Aguistin,Skirrow,askirrowrf@theguardian.com,704-387-0626,China
Sharleen,Saffen,ssaffenrg@miitbeian.gov.cn,473-596-9973,Portugal
Meggy,Keig,mkeigrh@amazon.co.uk,339-915-3015,Croatia
Gare,Dykins,gdykinsri@woothemes.com,333-811-9998,China
Bernadene,Truckell,btruckellrj@pinterest.com,869-414-2052,Colombia
Torr,Dumbreck,tdumbreckrk@opensource.org,135-256-6172,China
Noe,Walburn,nwalburnrl@lycos.com,855-287-9295,Cuba
Feliks,Greneham,fgrenehamrm@usgs.gov,514-668-8964,Indonesia
Rosabella,Nevet,rnevetrn@webeden.co.uk,676-660-3287,China
Gilly,O' Loughran,goloughranro@woothemes.com,882-277-4876,China
Olva,Farfull,ofarfullrp@fema.gov,973-800-9058,United States
Andree,Gaskarth,agaskarthrq@omniture.com,877-242-9665,South Africa
Lauri,Frugier,lfrugierrr@alibaba.com,613-911-8288,Russia
